{
    "split0_test_score": [
        0.5098146266617992,
        0.6261201006562653,
        0.31597605564389364,
        0.3838849396840823,
        0.912510781978456,
        0.15134073686623528,
        0.3080422551328822,
        0.2769591883771675,
        0.503491588467594,
        0.4999893983198711,
        0.11972873885840896,
        0.895782635520581,
        0.43315956859947113,
        0.4321461069380719,
        0.3609973246229945,
        0.9935683321551123,
        0.3607529298640636,
        0.08043297389322879
    ],
    "split1_test_score": [
        0.188081034082759,
        0.5568307483790195,
        0.5680013102721432,
        0.4778023867781678,
        0.5254766908032946,
        0.38673253997263557,
        0.9434102880185966,
        0.3006933446055061,
        0.14293501658249452,
        0.16447795115931008,
        0.5785138784099468,
        0.7440986375899488,
        0.10023831487037527,
        0.5273498197200213,
        0.9076199617957305,
        0.807901641088401,
        0.9916274903615939,
        0.6739024750823934
    ],
    "split2_test_score": [
        0.4591858816416404,
        0.6788246603376046,
        0.3778825822315989,
        0.7250475516347565,
        0.23264854570881033,
        0.6041617647323932,
        0.006968397018440875,
        0.6772310349769213,
        0.7937843039351441,
        0.7439143164655987,
        0.9046155795637553,
        0.6751001325216456,
        0.5108799580766819,
        0.21744222633119137,
        0.40783233941840524,
        0.4165651967542646,
        0.1608364077215675,
        0.11864058648431564
    ],
    "split3_test_score": [
        0.774512255520005,
        0.7623331945297505,
        0.07486691008817337,
        0.007374129930699969,
        0.00130523511408287,
        0.49416565207186336,
        0.11759166479824412,
        0.7984609934005444,
        0.21981175296550715,
        0.1277318706709335,
        0.4807256402304767,
        0.23673280174399902,
        0.5958659196163009,
        0.6086125008880753,
        0.34657940149446287,
        0.03595685697861184,
        0.519143845800427,
        0.808925088109353
    ],
    "split4_test_score": [
        0.19269313881489214,
        0.6852366641542726,
        0.053918581498726414,
        0.1613730148357877,
        0.6232352046305951,
        0.7943379006383616,
        0.5900001606396329,
        0.0568485385057238,
        0.001486827417622183,
        0.07045849618015287,
        0.06304309921621387,
        0.9944826820248343,
        0.49001572003109173,
        0.13381950899301043,
        0.9813539614792537,
        0.6521805079779126,
        0.42074876448438825,
        0.08365004630234074
    ],
    "mean_test_score": [
        0.03452911706502604,
        0.0266163106718611,
        0.19381379166672508,
        0.33277705797596213,
        0.6236844826473769,
        0.5914967099681759,
        0.5552649935824652,
        0.5925470932465166,
        0.632311661474301,
        0.7622753342785356,
        0.15746542962892018,
        0.8993626346984199,
        0.7919351900624249,
        0.7629920270229691,
        0.1854618881843828,
        0.28905988667128957,
        0.6648775222659163,
        0.2723508525790388
    ],
    "std_test_score": [
        0.23001311047149142,
        0.7471238168869567,
        0.4464328172439169,
        0.3186900621521189,
        0.6361971341500794,
        0.3298707736150823,
        0.6632044821584818,
        0.5994689775005138,
        0.19065341075641762,
        0.5472585759975654,
        0.2554231884824004,
        0.47569311691834415,
        0.9312498338046176,
        0.46395591069373954,
        0.8243949960071079,
        0.6295734402115308,
        0.17069168185589056,
        0.6824643112490454
    ]
}