{
    "split0_test_score": [
        0.9016030022502919,
        0.46776593909015174,
        0.04726188038470924,
        0.10841067983802499,
        0.15821703898452832,
        0.023556083671946948,
        0.8406918243623338,
        0.9936624948214796,
        0.631477638321143,
        0.6693577090790234
    ],
    "split1_test_score": [
        0.31697370366496513,
        0.8198402037769429,
        0.8464303942860106,
        0.12098392275746428,
        0.4722603264716776,
        0.3090339674473356,
        0.13198377404105743,
        0.9315098111292066,
        0.15487742418294026,
        0.9506831268244329
    ],
    "split2_test_score": [
        0.15081261614520247,
        0.8380097094572893,
        0.2404769150031476,
        0.01539823326812828,
        0.20657509950735686,
        0.15109928993587907,
        0.8747988093683355,
        0.2875817075141267,
        0.49350880832285093,
        0.47767023286629384
    ],
    "split3_test_score": [
        0.7552514454453078,
        0.7417492312610808,
        0.7987927358225757,
        0.2762216231297834,
        0.27370459575883865,
        0.027873728726110603,
        0.6174655620723748,
        0.1552841915649089,
        0.46933262919619745,
        0.3408208396265967
    ],
    "split4_test_score": [
        0.9322621304472147,
        0.33271826258889625,
        0.504031775159601,
        0.7148552093321714,
        0.9744362055544213,
        0.031174473696541027,
        0.48103540249334487,
        0.953922296399229,
        0.4708119917305009,
        0.9339236354502685
    ],
    "mean_test_score": [
        0.8942488407740222,
        0.5642628590840696,
        0.36037403858751627,
        0.7135627126706938,
        0.739618075462699,
        0.9129096342073257,
        0.5863610700155749,
        0.8333538126983202,
        0.8788340562915259,
        0.7177187688038354
    ],
    "std_test_score": [
        0.7184311073764271,
        0.9262087877393704,
        0.9044990674568841,
        0.9360788696558531,
        0.3230252124287696,
        0.32581488704168204,
        0.43231992427788046,
        0.16190628708476673,
        0.7952599368901724,
        0.042430862574721506
    ]
}